filename,width,height,class,xmin,ymin,xmax,ymax,image_id
IMG_20181101_164908.jpg,288.0,301.0,glass,721.0,790.0,1009.0,1091.0,0
IMG_20181101_164908.jpg,241.0,312.0,glass,1165.0,811.0,1406.0,1123.0,0
IMG_20181101_164908.jpg,212.0,545.0,glass,1363.0,524.0,1575.0,1069.0,0
IMG_20181101_164908.jpg,457.0,586.0,glass,1880.0,366.0,2337.0,952.0,0
IMG_20181101_164908.jpg,506.0,181.0,glass,2762.0,693.0,3268.0,874.0,0
IMG_20181101_164908.jpg,422.0,595.0,glass,2394.0,561.0,2816.0,1156.0,0
IMG_20181101_164908.jpg,226.0,545.0,glass,2875.0,1164.0,3101.0,1709.0,0
IMG_20181101_164908.jpg,499.0,171.0,glass,662.0,1457.0,1161.0,1628.0,0
IMG_20181101_164908.jpg,180.0,520.0,glass,2290.0,1487.0,2470.0,2007.0,0
IMG_20181101_164908.jpg,163.0,622.0,glass,1969.0,2109.0,2132.0,2731.0,0
IMG_20181101_164908.jpg,136.0,397.0,glass,2123.0,2177.0,2259.0,2574.0,0
IMG_20181101_164908.jpg,232.0,495.0,glass,2361.0,2095.0,2593.0,2590.0,0
IMG_20181101_164908.jpg,371.0,496.0,glass,1598.0,2051.0,1969.0,2547.0,0
IMG_20181101_164908.jpg,131.0,392.0,glass,1610.0,1825.0,1741.0,2217.0,0
IMG_20181101_164908.jpg,194.0,563.0,glass,1331.0,1555.0,1525.0,2118.0,0
IMG_20181101_164908.jpg,172.0,285.0,glass,847.0,1674.0,1019.0,1959.0,0
IMG_20181101_164908.jpg,303.0,494.0,glass,554.0,1788.0,857.0,2282.0,0
IMG_20181101_164908.jpg,310.0,509.0,glass,776.0,1896.0,1086.0,2405.0,0
IMG_20181101_164908.jpg,278.0,441.0,glass,1023.0,1866.0,1301.0,2307.0,0
IMG_20181101_164908.jpg,151.0,398.0,glass,2634.0,2103.0,2785.0,2501.0,0
IMG_20181101_164908.jpg,391.0,449.0,glass,3032.0,2209.0,3423.0,2658.0,0
IMG_20181101_164908.jpg,319.0,511.0,glass,3161.0,1468.0,3480.0,1979.0,0
IMG_20181101_164908.jpg,497.0,391.0,glass,2838.0,1738.0,3335.0,2129.0,0
IMG_20181101_164908.jpg,152.0,253.0,metal,938.0,724.0,1090.0,977.0,0
IMG_20181101_164908.jpg,234.0,239.0,metal,1819.0,1125.0,2053.0,1364.0,0
IMG_20181101_164908.jpg,367.0,145.0,metal,1564.0,1271.0,1931.0,1416.0,0
IMG_20181101_164908.jpg,257.0,232.0,metal,1907.0,1404.0,2164.0,1636.0,0
IMG_20181101_164908.jpg,176.0,439.0,metal,2219.0,618.0,2395.0,1057.0,0
IMG_20181101_164908.jpg,414.0,407.0,metal,2957.0,346.0,3371.0,753.0,0
IMG_20181101_164908.jpg,327.0,220.0,metal,3468.0,544.0,3795.0,764.0,0
IMG_20181101_164908.jpg,250.0,137.0,metal,2539.0,1048.0,2789.0,1185.0,0
IMG_20181101_164908.jpg,158.0,253.0,metal,2680.0,1226.0,2838.0,1479.0,0
IMG_20181101_164908.jpg,322.0,207.0,metal,3099.0,988.0,3421.0,1195.0,0
IMG_20181101_164908.jpg,264.0,236.0,metal,2114.0,1466.0,2378.0,1702.0,0
IMG_20181101_164908.jpg,272.0,165.0,metal,2100.0,1956.0,2372.0,2121.0,0
IMG_20181101_164908.jpg,143.0,196.0,metal,1739.0,1693.0,1882.0,1889.0,0
IMG_20181101_164908.jpg,230.0,294.0,metal,1014.0,1616.0,1244.0,1910.0,0
IMG_20181101_164908.jpg,261.0,294.0,metal,2494.0,1382.0,2755.0,1676.0,0
IMG_20181101_164908.jpg,307.0,325.0,metal,2515.0,1630.0,2822.0,1955.0,0
IMG_20181101_164908.jpg,185.0,307.0,metal,3666.0,1784.0,3851.0,2091.0,0
IMG_20181101_164908.jpg,193.0,297.0,metal,3492.0,1351.0,3685.0,1648.0,0
IMG_20181101_164908.jpg,246.0,432.0,plastic,1286.0,709.0,1532.0,1141.0,0
IMG_20181101_164908.jpg,276.0,616.0,plastic,1591.0,349.0,1867.0,965.0,0
IMG_20181101_164908.jpg,186.0,516.0,plastic,1956.0,859.0,2142.0,1375.0,0
IMG_20181101_164908.jpg,395.0,150.0,plastic,1519.0,1416.0,1914.0,1566.0,0
IMG_20181101_164908.jpg,168.0,448.0,plastic,2120.0,1079.0,2288.0,1527.0,0
IMG_20181101_164908.jpg,437.0,317.0,plastic,2292.0,1160.0,2729.0,1477.0,0
IMG_20181101_164908.jpg,146.0,455.0,plastic,2376.0,376.0,2522.0,831.0,0
IMG_20181101_164908.jpg,224.0,582.0,plastic,2514.0,0.0,2738.0,582.0,0
IMG_20181101_164908.jpg,230.0,406.0,plastic,2692.0,291.0,2922.0,697.0,0
IMG_20181101_164908.jpg,162.0,414.0,plastic,2790.0,932.0,2952.0,1346.0,0
IMG_20181101_164908.jpg,157.0,376.0,plastic,831.0,1116.0,988.0,1492.0,0
IMG_20181101_164908.jpg,545.0,227.0,plastic,983.0,1051.0,1528.0,1278.0,0
IMG_20181101_164908.jpg,397.0,190.0,plastic,1095.0,1226.0,1492.0,1416.0,0
IMG_20181101_164908.jpg,350.0,303.0,plastic,1553.0,963.0,1903.0,1266.0,0
IMG_20181101_164908.jpg,229.0,158.0,plastic,1660.0,1562.0,1889.0,1720.0,0
IMG_20181101_164908.jpg,233.0,434.0,plastic,1927.0,1674.0,2160.0,2108.0,0
IMG_20181101_164908.jpg,490.0,376.0,plastic,2667.0,1863.0,3157.0,2239.0,0
IMG_20181101_164908.jpg,372.0,450.0,plastic,3460.0,1929.0,3832.0,2379.0,0
IMG_20181101_182204.jpg,324.0,221.0,glass,475.0,788.0,799.0,1009.0,1
IMG_20181101_182204.jpg,169.0,544.0,glass,790.0,683.0,959.0,1227.0,1
IMG_20181101_182204.jpg,205.0,347.0,glass,524.0,1034.0,729.0,1381.0,1
IMG_20181101_182204.jpg,313.0,477.0,glass,981.0,693.0,1294.0,1170.0,1
IMG_20181101_182204.jpg,454.0,144.0,glass,1523.0,557.0,1977.0,701.0,1
IMG_20181101_182204.jpg,357.0,235.0,glass,1298.0,827.0,1655.0,1062.0,1
IMG_20181101_182204.jpg,205.0,419.0,glass,1427.0,1008.0,1632.0,1427.0,1
IMG_20181101_182204.jpg,504.0,362.0,glass,975.0,1149.0,1479.0,1511.0,1
IMG_20181101_182204.jpg,454.0,337.0,glass,1028.0,1372.0,1482.0,1709.0,1
IMG_20181101_182204.jpg,641.0,191.0,glass,571.0,1701.0,1212.0,1892.0,1
IMG_20181101_182204.jpg,425.0,343.0,glass,381.0,2267.0,806.0,2610.0,1
IMG_20181101_182204.jpg,585.0,389.0,glass,746.0,1845.0,1331.0,2234.0,1
IMG_20181101_182204.jpg,220.0,353.0,glass,1683.0,997.0,1903.0,1350.0,1
IMG_20181101_182204.jpg,165.0,299.0,glass,2017.0,544.0,2182.0,843.0,1
IMG_20181101_182204.jpg,226.0,257.0,glass,2149.0,559.0,2375.0,816.0,1
IMG_20181101_182204.jpg,278.0,552.0,glass,1806.0,1316.0,2084.0,1868.0,1
IMG_20181101_182204.jpg,491.0,252.0,glass,1642.0,1846.0,2133.0,2098.0,1
IMG_20181101_182204.jpg,285.0,531.0,glass,817.0,2718.0,1102.0,3249.0,1
IMG_20181101_182204.jpg,361.0,543.0,glass,1109.0,2675.0,1470.0,3218.0,1
IMG_20181101_182204.jpg,286.0,701.0,glass,1487.0,2139.0,1773.0,2840.0,1
IMG_20181101_182204.jpg,449.0,536.0,glass,570.0,3276.0,1019.0,3812.0,1
IMG_20181101_182204.jpg,252.0,677.0,glass,2160.0,3071.0,2412.0,3748.0,1
IMG_20181101_182204.jpg,262.0,154.0,metal,599.0,1371.0,861.0,1525.0,1
IMG_20181101_182204.jpg,248.0,187.0,metal,1201.0,795.0,1449.0,982.0,1
IMG_20181101_182204.jpg,380.0,167.0,metal,1258.0,470.0,1638.0,637.0,1
IMG_20181101_182204.jpg,207.0,293.0,metal,526.0,1969.0,733.0,2262.0,1
IMG_20181101_182204.jpg,177.0,154.0,metal,787.0,2341.0,964.0,2495.0,1
IMG_20181101_182204.jpg,273.0,208.0,metal,1245.0,1587.0,1518.0,1795.0,1
IMG_20181101_182204.jpg,199.0,218.0,metal,2032.0,821.0,2231.0,1039.0,1
IMG_20181101_182204.jpg,259.0,227.0,metal,2101.0,1316.0,2360.0,1543.0,1
IMG_20181101_182204.jpg,249.0,248.0,metal,2120.0,1505.0,2369.0,1753.0,1
IMG_20181101_182204.jpg,179.0,195.0,metal,940.0,2701.0,1119.0,2896.0,1
IMG_20181101_182204.jpg,349.0,382.0,metal,558.0,3007.0,907.0,3389.0,1
IMG_20181101_182204.jpg,339.0,241.0,metal,6.0,2967.0,345.0,3208.0,1
IMG_20181101_182204.jpg,243.0,240.0,metal,1389.0,2778.0,1632.0,3018.0,1
IMG_20181101_182204.jpg,169.0,192.0,metal,1609.0,2827.0,1778.0,3019.0,1
IMG_20181101_182204.jpg,320.0,231.0,metal,2047.0,2719.0,2367.0,2950.0,1
IMG_20181101_182204.jpg,229.0,214.0,metal,2567.0,2072.0,2796.0,2286.0,1
IMG_20181101_182204.jpg,371.0,460.0,metal,1444.0,3132.0,1815.0,3592.0,1
IMG_20181101_182204.jpg,283.0,533.0,metal,1941.0,3421.0,2224.0,3954.0,1
IMG_20181101_182204.jpg,171.0,342.0,plastic,1349.0,427.0,1520.0,769.0,1
IMG_20181101_182204.jpg,191.0,342.0,plastic,1581.0,615.0,1772.0,957.0,1
IMG_20181101_182204.jpg,243.0,209.0,plastic,378.0,2162.0,621.0,2371.0,1
IMG_20181101_182204.jpg,533.0,411.0,plastic,835.0,2199.0,1368.0,2610.0,1
IMG_20181101_182204.jpg,425.0,176.0,plastic,1356.0,1953.0,1781.0,2129.0,1
IMG_20181101_182204.jpg,444.0,378.0,plastic,1467.0,1469.0,1911.0,1847.0,1
IMG_20181101_182204.jpg,222.0,376.0,plastic,2056.0,1107.0,2278.0,1483.0,1
IMG_20181101_182204.jpg,508.0,254.0,plastic,2020.0,1891.0,2528.0,2145.0,1
IMG_20181101_182204.jpg,469.0,192.0,plastic,1651.0,2096.0,2120.0,2288.0,1
IMG_20181101_182204.jpg,167.0,238.0,plastic,410.0,1575.0,577.0,1813.0,1
IMG_20181101_182204.jpg,482.0,193.0,plastic,270.0,1812.0,752.0,2005.0,1
IMG_20181101_182204.jpg,232.0,378.0,plastic,1683.0,2272.0,1915.0,2650.0,1
IMG_20181101_182204.jpg,286.0,484.0,plastic,1775.0,2451.0,2061.0,2935.0,1
IMG_20181101_182204.jpg,376.0,456.0,plastic,2214.0,2196.0,2590.0,2652.0,1
IMG_20181101_182204.jpg,682.0,473.0,plastic,2342.0,3115.0,3024.0,3588.0,1
IMG_20181101_182204.jpg,535.0,290.0,plastic,2446.0,2857.0,2981.0,3147.0,1
IMG_20181101_181546.jpg,346.0,592.0,glass,1013.0,450.0,1359.0,1042.0,2
IMG_20181101_181546.jpg,378.0,287.0,glass,1521.0,855.0,1899.0,1142.0,2
IMG_20181101_181546.jpg,305.0,159.0,glass,1745.0,716.0,2050.0,875.0,2
IMG_20181101_181546.jpg,269.0,444.0,glass,2028.0,852.0,2297.0,1296.0,2
IMG_20181101_181546.jpg,253.0,265.0,glass,2507.0,1132.0,2760.0,1397.0,2
IMG_20181101_181546.jpg,370.0,181.0,glass,1115.0,1574.0,1485.0,1755.0,2
IMG_20181101_181546.jpg,378.0,641.0,glass,667.0,1467.0,1045.0,2108.0,2
IMG_20181101_181546.jpg,174.0,448.0,glass,921.0,2342.0,1095.0,2790.0,2
IMG_20181101_181546.jpg,182.0,329.0,glass,568.0,3380.0,750.0,3709.0,2
IMG_20181101_181546.jpg,306.0,472.0,glass,1056.0,2657.0,1362.0,3129.0,2
IMG_20181101_181546.jpg,377.0,383.0,glass,1699.0,2512.0,2076.0,2895.0,2
IMG_20181101_181546.jpg,462.0,235.0,glass,2120.0,2625.0,2582.0,2860.0,2
IMG_20181101_181546.jpg,339.0,423.0,glass,2129.0,2814.0,2468.0,3237.0,2
IMG_20181101_181546.jpg,485.0,294.0,glass,990.0,3415.0,1475.0,3709.0,2
IMG_20181101_181546.jpg,571.0,371.0,glass,1326.0,1604.0,1897.0,1975.0,2
IMG_20181101_181546.jpg,462.0,452.0,glass,1523.0,1185.0,1985.0,1637.0,2
IMG_20181101_181546.jpg,359.0,236.0,glass,1613.0,1140.0,1972.0,1376.0,2
IMG_20181101_181546.jpg,259.0,601.0,glass,2000.0,1930.0,2259.0,2531.0,2
IMG_20181101_181546.jpg,315.0,142.0,glass,1918.0,1783.0,2233.0,1925.0,2
IMG_20181101_181546.jpg,172.0,555.0,glass,2265.0,1306.0,2437.0,1861.0,2
IMG_20181101_181546.jpg,407.0,249.0,glass,2408.0,1516.0,2815.0,1765.0,2
IMG_20181101_181546.jpg,262.0,312.0,metal,596.0,436.0,858.0,748.0,2
IMG_20181101_181546.jpg,302.0,263.0,metal,612.0,796.0,914.0,1059.0,2
IMG_20181101_181546.jpg,208.0,240.0,metal,1028.0,1069.0,1236.0,1309.0,2
IMG_20181101_181546.jpg,203.0,211.0,metal,2127.0,669.0,2330.0,880.0,2
IMG_20181101_181546.jpg,183.0,273.0,metal,1017.0,1736.0,1200.0,2009.0,2
IMG_20181101_181546.jpg,443.0,234.0,metal,418.0,2788.0,861.0,3022.0,2
IMG_20181101_181546.jpg,273.0,277.0,metal,1032.0,3120.0,1305.0,3397.0,2
IMG_20181101_181546.jpg,209.0,373.0,metal,1274.0,2772.0,1483.0,3145.0,2
IMG_20181101_181546.jpg,149.0,180.0,metal,1490.0,2856.0,1639.0,3036.0,2
IMG_20181101_181546.jpg,146.0,172.0,metal,1944.0,2782.0,2090.0,2954.0,2
IMG_20181101_181546.jpg,322.0,322.0,metal,1358.0,3086.0,1680.0,3408.0,2
IMG_20181101_181546.jpg,286.0,201.0,metal,1356.0,1943.0,1642.0,2144.0,2
IMG_20181101_181546.jpg,390.0,320.0,metal,1203.0,1177.0,1593.0,1497.0,2
IMG_20181101_181546.jpg,189.0,249.0,metal,2406.0,2095.0,2595.0,2344.0,2
IMG_20181101_181546.jpg,213.0,262.0,metal,1962.0,1512.0,2175.0,1774.0,2
IMG_20181101_181546.jpg,168.0,187.0,metal,2111.0,1304.0,2279.0,1491.0,2
IMG_20181101_181546.jpg,212.0,241.0,metal,2401.0,1776.0,2613.0,2017.0,2
IMG_20181101_181546.jpg,272.0,351.0,metal,2157.0,3127.0,2429.0,3478.0,2
IMG_20181101_181546.jpg,182.0,197.0,metal,2469.0,3208.0,2651.0,3405.0,2
IMG_20181101_181546.jpg,285.0,488.0,plastic,478.0,1005.0,763.0,1493.0,2
IMG_20181101_181546.jpg,242.0,415.0,plastic,268.0,1571.0,510.0,1986.0,2
IMG_20181101_181546.jpg,178.0,468.0,plastic,507.0,1550.0,685.0,2018.0,2
IMG_20181101_181546.jpg,435.0,331.0,plastic,1065.0,2085.0,1500.0,2416.0,2
IMG_20181101_181546.jpg,261.0,219.0,plastic,427.0,2438.0,688.0,2657.0,2
IMG_20181101_181546.jpg,231.0,485.0,plastic,782.0,3050.0,1013.0,3535.0,2
IMG_20181101_181546.jpg,311.0,529.0,plastic,1531.0,2326.0,1842.0,2855.0,2
IMG_20181101_181546.jpg,228.0,349.0,plastic,2438.0,2451.0,2666.0,2800.0,2
IMG_20181101_181546.jpg,351.0,278.0,plastic,2527.0,2802.0,2878.0,3080.0,2
IMG_20181101_181546.jpg,418.0,428.0,plastic,1716.0,3099.0,2134.0,3527.0,2
IMG_20181101_181546.jpg,170.0,435.0,plastic,1855.0,2142.0,2025.0,2577.0,2
IMG_20181101_181546.jpg,279.0,382.0,plastic,1692.0,1870.0,1971.0,2252.0,2
IMG_20181101_181546.jpg,193.0,597.0,plastic,2206.0,1860.0,2399.0,2457.0,2
IMG_20181101_181546.jpg,280.0,341.0,plastic,2566.0,2069.0,2846.0,2410.0,2
IMG_20181101_181111.jpg,228.0,361.0,glass,1817.0,695.0,2045.0,1056.0,3
IMG_20181101_181111.jpg,248.0,403.0,glass,1403.0,1248.0,1651.0,1651.0,3
IMG_20181101_181111.jpg,569.0,391.0,glass,1522.0,1583.0,2091.0,1974.0,3
IMG_20181101_181111.jpg,596.0,243.0,glass,1749.0,1874.0,2345.0,2117.0,3
IMG_20181101_181111.jpg,492.0,211.0,glass,1421.0,1961.0,1913.0,2172.0,3
IMG_20181101_181111.jpg,302.0,346.0,glass,1147.0,1955.0,1449.0,2301.0,3
IMG_20181101_181111.jpg,628.0,382.0,glass,1003.0,2133.0,1631.0,2515.0,3
IMG_20181101_181111.jpg,548.0,695.0,glass,757.0,2495.0,1305.0,3190.0,3
IMG_20181101_181111.jpg,206.0,661.0,glass,585.0,2171.0,791.0,2832.0,3
IMG_20181101_181111.jpg,429.0,331.0,glass,495.0,2753.0,924.0,3084.0,3
IMG_20181101_181111.jpg,388.0,337.0,glass,813.0,1003.0,1201.0,1340.0,3
IMG_20181101_181111.jpg,460.0,209.0,glass,718.0,1428.0,1178.0,1637.0,3
IMG_20181101_181111.jpg,444.0,352.0,glass,873.0,1595.0,1317.0,1947.0,3
IMG_20181101_181111.jpg,276.0,439.0,glass,1978.0,2189.0,2254.0,2628.0,3
IMG_20181101_181111.jpg,455.0,273.0,glass,1368.0,2595.0,1823.0,2868.0,3
IMG_20181101_181111.jpg,663.0,644.0,glass,1163.0,2987.0,1826.0,3631.0,3
IMG_20181101_181111.jpg,350.0,844.0,glass,1967.0,3055.0,2317.0,3899.0,3
IMG_20181101_181111.jpg,203.0,310.0,glass,835.0,1820.0,1038.0,2130.0,3
IMG_20181101_181111.jpg,266.0,184.0,metal,2290.0,1186.0,2556.0,1370.0,3
IMG_20181101_181111.jpg,282.0,172.0,metal,2215.0,1511.0,2497.0,1683.0,3
IMG_20181101_181111.jpg,148.0,147.0,metal,1627.0,1403.0,1775.0,1550.0,3
IMG_20181101_181111.jpg,321.0,176.0,metal,1662.0,1237.0,1983.0,1413.0,3
IMG_20181101_181111.jpg,302.0,224.0,metal,1568.0,1045.0,1870.0,1269.0,3
IMG_20181101_181111.jpg,191.0,188.0,metal,1223.0,1209.0,1414.0,1397.0,3
IMG_20181101_181111.jpg,169.0,261.0,metal,1478.0,1544.0,1647.0,1805.0,3
IMG_20181101_181111.jpg,300.0,264.0,metal,1273.0,2488.0,1573.0,2752.0,3
IMG_20181101_181111.jpg,231.0,190.0,metal,865.0,2461.0,1096.0,2651.0,3
IMG_20181101_181111.jpg,266.0,266.0,metal,368.0,2007.0,634.0,2273.0,3
IMG_20181101_181111.jpg,220.0,259.0,metal,484.0,1649.0,704.0,1908.0,3
IMG_20181101_181111.jpg,205.0,287.0,metal,880.0,808.0,1085.0,1095.0,3
IMG_20181101_181111.jpg,291.0,218.0,metal,2305.0,2102.0,2596.0,2320.0,3
IMG_20181101_181111.jpg,230.0,327.0,metal,1777.0,2337.0,2007.0,2664.0,3
IMG_20181101_181111.jpg,419.0,267.0,metal,1553.0,2152.0,1972.0,2419.0,3
IMG_20181101_181111.jpg,202.0,173.0,metal,1165.0,2785.0,1367.0,2958.0,3
IMG_20181101_181111.jpg,266.0,292.0,metal,1044.0,2999.0,1310.0,3291.0,3
IMG_20181101_181111.jpg,265.0,381.0,metal,2264.0,3195.0,2529.0,3576.0,3
IMG_20181101_181111.jpg,211.0,503.0,metal,2339.0,2634.0,2550.0,3137.0,3
IMG_20181101_181111.jpg,444.0,260.0,plastic,1604.0,856.0,2048.0,1116.0,3
IMG_20181101_181111.jpg,318.0,271.0,plastic,2062.0,1001.0,2380.0,1272.0,3
IMG_20181101_181111.jpg,453.0,486.0,plastic,1006.0,1262.0,1459.0,1748.0,3
IMG_20181101_181111.jpg,371.0,280.0,plastic,1642.0,1432.0,2013.0,1712.0,3
IMG_20181101_181111.jpg,401.0,483.0,plastic,212.0,2922.0,613.0,3405.0,3
IMG_20181101_181111.jpg,373.0,281.0,plastic,136.0,1628.0,509.0,1909.0,3
IMG_20181101_181111.jpg,328.0,308.0,plastic,292.0,1345.0,620.0,1653.0,3
IMG_20181101_181111.jpg,363.0,358.0,plastic,410.0,1068.0,773.0,1426.0,3
IMG_20181101_181111.jpg,299.0,322.0,plastic,629.0,791.0,928.0,1113.0,3
IMG_20181101_181111.jpg,322.0,269.0,plastic,1164.0,911.0,1486.0,1180.0,3
IMG_20181101_181111.jpg,232.0,219.0,plastic,2164.0,1716.0,2396.0,1935.0,3
IMG_20181101_181111.jpg,198.0,353.0,plastic,2580.0,2058.0,2778.0,2411.0,3
IMG_20181101_181111.jpg,413.0,401.0,plastic,2231.0,2209.0,2644.0,2610.0,3
IMG_20181101_181111.jpg,405.0,523.0,plastic,1570.0,3108.0,1975.0,3631.0,3
IMG_20181101_181111.jpg,189.0,308.0,plastic,2094.0,2701.0,2283.0,3009.0,3
IMG_20181101_174004.jpg,250.0,223.0,glass,1254.0,453.0,1504.0,676.0,4
IMG_20181101_174004.jpg,140.0,321.0,glass,988.0,522.0,1128.0,843.0,4
IMG_20181101_174004.jpg,290.0,309.0,glass,787.0,795.0,1077.0,1104.0,4
IMG_20181101_174004.jpg,243.0,314.0,glass,1016.0,1074.0,1259.0,1388.0,4
IMG_20181101_174004.jpg,261.0,225.0,glass,912.0,1353.0,1173.0,1578.0,4
IMG_20181101_174004.jpg,147.0,337.0,glass,725.0,1318.0,872.0,1655.0,4
IMG_20181101_174004.jpg,506.0,180.0,glass,408.0,1778.0,914.0,1958.0,4
IMG_20181101_174004.jpg,397.0,243.0,glass,1131.0,559.0,1528.0,802.0,4
IMG_20181101_174004.jpg,180.0,465.0,glass,1641.0,1008.0,1821.0,1473.0,4
IMG_20181101_174004.jpg,289.0,411.0,glass,1277.0,1252.0,1566.0,1663.0,4
IMG_20181101_174004.jpg,126.0,359.0,glass,1544.0,1856.0,1670.0,2215.0,4
IMG_20181101_174004.jpg,418.0,223.0,glass,1574.0,1139.0,1992.0,1362.0,4
IMG_20181101_174004.jpg,262.0,374.0,glass,1817.0,952.0,2079.0,1326.0,4
IMG_20181101_174004.jpg,429.0,433.0,glass,1763.0,1226.0,2192.0,1659.0,4
IMG_20181101_174004.jpg,627.0,359.0,glass,1985.0,2276.0,2612.0,2635.0,4
IMG_20181101_174004.jpg,237.0,266.0,glass,1820.0,2768.0,2057.0,3034.0,4
IMG_20181101_174004.jpg,313.0,592.0,glass,1173.0,1898.0,1486.0,2490.0,4
IMG_20181101_174004.jpg,604.0,444.0,glass,1303.0,2250.0,1907.0,2694.0,4
IMG_20181101_174004.jpg,597.0,327.0,glass,1050.0,3576.0,1647.0,3903.0,4
IMG_20181101_174004.jpg,412.0,207.0,glass,1032.0,2627.0,1444.0,2834.0,4
IMG_20181101_174004.jpg,714.0,382.0,glass,1055.0,2760.0,1769.0,3142.0,4
IMG_20181101_174004.jpg,429.0,547.0,glass,606.0,2177.0,1035.0,2724.0,4
IMG_20181101_174004.jpg,231.0,190.0,metal,884.0,1049.0,1115.0,1239.0,4
IMG_20181101_174004.jpg,166.0,136.0,metal,936.0,1786.0,1102.0,1922.0,4
IMG_20181101_174004.jpg,283.0,320.0,metal,817.0,1933.0,1100.0,2253.0,4
IMG_20181101_174004.jpg,121.0,225.0,metal,1621.0,542.0,1742.0,767.0,4
IMG_20181101_174004.jpg,199.0,211.0,metal,1684.0,773.0,1883.0,984.0,4
IMG_20181101_174004.jpg,240.0,330.0,metal,1095.0,1372.0,1335.0,1702.0,4
IMG_20181101_174004.jpg,294.0,175.0,metal,1681.0,1758.0,1975.0,1933.0,4
IMG_20181101_174004.jpg,126.0,186.0,metal,1934.0,1647.0,2060.0,1833.0,4
IMG_20181101_174004.jpg,196.0,250.0,metal,2097.0,1665.0,2293.0,1915.0,4
IMG_20181101_174004.jpg,223.0,227.0,metal,2246.0,1994.0,2469.0,2221.0,4
IMG_20181101_174004.jpg,241.0,252.0,metal,1876.0,2045.0,2117.0,2297.0,4
IMG_20181101_174004.jpg,225.0,210.0,metal,2163.0,2740.0,2388.0,2950.0,4
IMG_20181101_174004.jpg,321.0,300.0,metal,2004.0,2959.0,2325.0,3259.0,4
IMG_20181101_174004.jpg,298.0,330.0,metal,1805.0,3121.0,2103.0,3451.0,4
IMG_20181101_174004.jpg,324.0,514.0,metal,1956.0,3420.0,2280.0,3934.0,4
IMG_20181101_174004.jpg,510.0,335.0,metal,861.0,3245.0,1371.0,3580.0,4
IMG_20181101_174004.jpg,127.0,104.0,metal,1856.0,637.0,1983.0,741.0,4
IMG_20181101_174004.jpg,175.0,265.0,metal,1985.0,672.0,2160.0,937.0,4
IMG_20181101_174004.jpg,451.0,143.0,plastic,623.0,1636.0,1074.0,1779.0,4
IMG_20181101_174004.jpg,188.0,241.0,plastic,993.0,2164.0,1181.0,2405.0,4
IMG_20181101_174004.jpg,340.0,313.0,plastic,1463.0,741.0,1803.0,1054.0,4
IMG_20181101_174004.jpg,312.0,322.0,plastic,1310.0,1037.0,1622.0,1359.0,4
IMG_20181101_174004.jpg,217.0,579.0,plastic,1353.0,1575.0,1570.0,2154.0,4
IMG_20181101_174004.jpg,262.0,382.0,plastic,2248.0,1482.0,2510.0,1864.0,4
IMG_20181101_174004.jpg,188.0,201.0,plastic,1723.0,1941.0,1911.0,2142.0,4
IMG_20181101_174004.jpg,241.0,474.0,plastic,2159.0,933.0,2400.0,1407.0,4
IMG_20181101_174004.jpg,348.0,413.0,plastic,1680.0,2347.0,2028.0,2760.0,4
IMG_20181101_174004.jpg,297.0,321.0,plastic,1892.0,2449.0,2189.0,2770.0,4
IMG_20181101_174004.jpg,248.0,559.0,plastic,544.0,2909.0,792.0,3468.0,4
IMG_20181101_174004.jpg,349.0,563.0,plastic,683.0,2571.0,1032.0,3134.0,4
IMG_20181101_174004.jpg,231.0,400.0,plastic,357.0,2105.0,588.0,2505.0,4
IMG_20181101_174004.jpg,503.0,256.0,plastic,240.0,2546.0,743.0,2802.0,4
IMG_20181101_174004.jpg,460.0,236.0,plastic,2406.0,3040.0,2866.0,3276.0,4
IMG_20181101_174004.jpg,448.0,347.0,plastic,381.0,1075.0,829.0,1422.0,4
IMG_20181101_174004.jpg,361.0,158.0,plastic,1053.0,796.0,1414.0,954.0,4
IMG_20181101_174004.jpg,196.0,543.0,plastic,1558.0,2987.0,1754.0,3530.0,4
IMG_20181101_173213.jpg,355.0,126.0,glass,810.0,806.0,1165.0,932.0,5
IMG_20181101_173213.jpg,287.0,228.0,glass,965.0,1157.0,1252.0,1385.0,5
IMG_20181101_173213.jpg,277.0,154.0,glass,1127.0,1381.0,1404.0,1535.0,5
IMG_20181101_173213.jpg,350.0,378.0,glass,788.0,1502.0,1138.0,1880.0,5
IMG_20181101_173213.jpg,112.0,333.0,glass,1551.0,1926.0,1663.0,2259.0,5
IMG_20181101_173213.jpg,459.0,312.0,glass,1166.0,1623.0,1625.0,1935.0,5
IMG_20181101_173213.jpg,349.0,244.0,glass,1646.0,1840.0,1995.0,2084.0,5
IMG_20181101_173213.jpg,137.0,437.0,glass,1907.0,1919.0,2044.0,2356.0,5
IMG_20181101_173213.jpg,403.0,627.0,glass,1996.0,2454.0,2399.0,3081.0,5
IMG_20181101_173213.jpg,529.0,227.0,glass,1717.0,3047.0,2246.0,3274.0,5
IMG_20181101_173213.jpg,442.0,657.0,glass,1174.0,2780.0,1616.0,3437.0,5
IMG_20181101_173213.jpg,181.0,577.0,glass,807.0,2069.0,988.0,2646.0,5
IMG_20181101_173213.jpg,357.0,293.0,glass,1363.0,1480.0,1720.0,1773.0,5
IMG_20181101_173213.jpg,166.0,484.0,glass,1747.0,1372.0,1913.0,1856.0,5
IMG_20181101_173213.jpg,161.0,382.0,glass,1626.0,1293.0,1787.0,1675.0,5
IMG_20181101_173213.jpg,496.0,269.0,glass,1634.0,1082.0,2130.0,1351.0,5
IMG_20181101_173213.jpg,230.0,210.0,glass,1424.0,663.0,1654.0,873.0,5
IMG_20181101_173213.jpg,349.0,339.0,glass,1277.0,925.0,1626.0,1264.0,5
IMG_20181101_173213.jpg,402.0,200.0,glass,1913.0,1454.0,2315.0,1654.0,5
IMG_20181101_173213.jpg,188.0,685.0,glass,1161.0,2386.0,1349.0,3071.0,5
IMG_20181101_173213.jpg,260.0,377.0,glass,980.0,2436.0,1240.0,2813.0,5
IMG_20181101_173213.jpg,613.0,204.0,glass,1063.0,2261.0,1676.0,2465.0,5
IMG_20181101_173213.jpg,195.0,189.0,metal,999.0,1036.0,1194.0,1225.0,5
IMG_20181101_173213.jpg,332.0,170.0,metal,618.0,1159.0,950.0,1329.0,5
IMG_20181101_173213.jpg,234.0,142.0,metal,1131.0,1505.0,1365.0,1647.0,5
IMG_20181101_173213.jpg,184.0,110.0,metal,714.0,1483.0,898.0,1593.0,5
IMG_20181101_173213.jpg,148.0,117.0,metal,721.0,1603.0,869.0,1720.0,5
IMG_20181101_173213.jpg,367.0,188.0,metal,588.0,1851.0,955.0,2039.0,5
IMG_20181101_173213.jpg,223.0,295.0,metal,2071.0,1877.0,2294.0,2172.0,5
IMG_20181101_173213.jpg,251.0,240.0,metal,2212.0,2046.0,2463.0,2286.0,5
IMG_20181101_173213.jpg,251.0,279.0,metal,2130.0,2138.0,2381.0,2417.0,5
IMG_20181101_173213.jpg,289.0,191.0,metal,1844.0,2878.0,2133.0,3069.0,5
IMG_20181101_173213.jpg,215.0,303.0,metal,1639.0,2735.0,1854.0,3038.0,5
IMG_20181101_173213.jpg,465.0,459.0,metal,777.0,3319.0,1242.0,3778.0,5
IMG_20181101_173213.jpg,179.0,233.0,metal,991.0,2045.0,1170.0,2278.0,5
IMG_20181101_173213.jpg,270.0,171.0,metal,2066.0,847.0,2336.0,1018.0,5
IMG_20181101_173213.jpg,120.0,82.0,metal,1849.0,839.0,1969.0,921.0,5
IMG_20181101_173213.jpg,155.0,201.0,metal,1636.0,721.0,1791.0,922.0,5
IMG_20181101_173213.jpg,264.0,210.0,metal,1941.0,2271.0,2205.0,2481.0,5
IMG_20181101_173213.jpg,283.0,223.0,metal,1505.0,2502.0,1788.0,2725.0,5
IMG_20181101_173213.jpg,169.0,303.0,plastic,1090.0,545.0,1259.0,848.0,5
IMG_20181101_173213.jpg,224.0,274.0,plastic,889.0,921.0,1113.0,1195.0,5
IMG_20181101_173213.jpg,337.0,276.0,plastic,934.0,1281.0,1271.0,1557.0,5
IMG_20181101_173213.jpg,570.0,249.0,plastic,922.0,1828.0,1492.0,2077.0,5
IMG_20181101_173213.jpg,159.0,199.0,plastic,1756.0,1998.0,1915.0,2197.0,5
IMG_20181101_173213.jpg,394.0,189.0,plastic,2106.0,2463.0,2500.0,2652.0,5
IMG_20181101_173213.jpg,172.0,465.0,plastic,1560.0,3088.0,1732.0,3553.0,5
IMG_20181101_173213.jpg,208.0,502.0,plastic,515.0,2862.0,723.0,3364.0,5
IMG_20181101_173213.jpg,207.0,511.0,plastic,747.0,2768.0,954.0,3279.0,5
IMG_20181101_173213.jpg,556.0,191.0,plastic,441.0,2600.0,997.0,2791.0,5
IMG_20181101_173213.jpg,208.0,378.0,plastic,615.0,2136.0,823.0,2514.0,5
IMG_20181101_173213.jpg,266.0,330.0,plastic,2011.0,870.0,2277.0,1200.0,5
IMG_20181101_173213.jpg,352.0,132.0,plastic,1642.0,905.0,1994.0,1037.0,5
IMG_20181101_173213.jpg,364.0,146.0,plastic,1327.0,842.0,1691.0,988.0,5
IMG_20181101_173213.jpg,265.0,233.0,plastic,1228.0,1047.0,1493.0,1280.0,5
IMG_20181101_173213.jpg,369.0,189.0,plastic,1980.0,1565.0,2349.0,1754.0,5
IMG_20181101_173213.jpg,451.0,231.0,plastic,2076.0,1640.0,2527.0,1871.0,5
IMG_20181101_173213.jpg,338.0,414.0,plastic,1672.0,2336.0,2010.0,2750.0,5
IMG_20181101_172743.jpg,298.0,448.0,glass,2213.0,891.0,2511.0,1339.0,6
IMG_20181101_172743.jpg,410.0,518.0,glass,1892.0,942.0,2302.0,1460.0,6
IMG_20181101_172743.jpg,321.0,337.0,glass,1407.0,130.0,1728.0,467.0,6
IMG_20181101_172743.jpg,206.0,600.0,glass,1532.0,348.0,1738.0,948.0,6
IMG_20181101_172743.jpg,368.0,171.0,glass,982.0,1274.0,1350.0,1445.0,6
IMG_20181101_172743.jpg,123.0,465.0,glass,763.0,1955.0,886.0,2420.0,6
IMG_20181101_172743.jpg,169.0,605.0,glass,1031.0,2075.0,1200.0,2680.0,6
IMG_20181101_172743.jpg,515.0,157.0,glass,2027.0,1834.0,2542.0,1991.0,6
IMG_20181101_172743.jpg,251.0,383.0,glass,2187.0,1465.0,2438.0,1848.0,6
IMG_20181101_172743.jpg,483.0,358.0,glass,1695.0,1280.0,2178.0,1638.0,6
IMG_20181101_172743.jpg,281.0,231.0,glass,1206.0,1534.0,1487.0,1765.0,6
IMG_20181101_172743.jpg,229.0,473.0,glass,1823.0,1595.0,2052.0,2068.0,6
IMG_20181101_172743.jpg,234.0,398.0,glass,1631.0,2116.0,1865.0,2514.0,6
IMG_20181101_172743.jpg,143.0,488.0,glass,1942.0,2137.0,2085.0,2625.0,6
IMG_20181101_172743.jpg,634.0,403.0,glass,2068.0,1981.0,2702.0,2384.0,6
IMG_20181101_172743.jpg,442.0,251.0,glass,976.0,2795.0,1418.0,3046.0,6
IMG_20181101_172743.jpg,193.0,623.0,glass,1339.0,3062.0,1532.0,3685.0,6
IMG_20181101_172743.jpg,628.0,440.0,glass,1782.0,3258.0,2410.0,3698.0,6
IMG_20181101_172743.jpg,165.0,556.0,glass,1251.0,1851.0,1416.0,2407.0,6
IMG_20181101_172743.jpg,187.0,341.0,glass,1101.0,1977.0,1288.0,2318.0,6
IMG_20181101_172743.jpg,220.0,478.0,glass,959.0,1751.0,1179.0,2229.0,6
IMG_20181101_172743.jpg,503.0,418.0,glass,1222.0,1092.0,1725.0,1510.0,6
IMG_20181101_172743.jpg,407.0,473.0,glass,1304.0,812.0,1711.0,1285.0,6
IMG_20181101_172743.jpg,290.0,263.0,metal,2523.0,1349.0,2813.0,1612.0,6
IMG_20181101_172743.jpg,369.0,170.0,metal,2383.0,783.0,2752.0,953.0,6
IMG_20181101_172743.jpg,271.0,256.0,metal,1681.0,338.0,1952.0,594.0,6
IMG_20181101_172743.jpg,273.0,203.0,metal,1802.0,122.0,2075.0,325.0,6
IMG_20181101_172743.jpg,372.0,326.0,metal,1138.0,520.0,1510.0,846.0,6
IMG_20181101_172743.jpg,172.0,365.0,metal,724.0,979.0,896.0,1344.0,6
IMG_20181101_172743.jpg,219.0,245.0,metal,1006.0,1028.0,1225.0,1273.0,6
IMG_20181101_172743.jpg,196.0,139.0,metal,904.0,1610.0,1100.0,1749.0,6
IMG_20181101_172743.jpg,146.0,129.0,metal,868.0,1801.0,1014.0,1930.0,6
IMG_20181101_172743.jpg,233.0,150.0,metal,1193.0,2455.0,1426.0,2605.0,6
IMG_20181101_172743.jpg,380.0,316.0,metal,1176.0,2610.0,1556.0,2926.0,6
IMG_20181101_172743.jpg,170.0,280.0,metal,1662.0,2729.0,1832.0,3009.0,6
IMG_20181101_172743.jpg,193.0,318.0,metal,2121.0,2593.0,2314.0,2911.0,6
IMG_20181101_172743.jpg,278.0,281.0,metal,2328.0,2752.0,2606.0,3033.0,6
IMG_20181101_172743.jpg,341.0,328.0,metal,2272.0,2392.0,2613.0,2720.0,6
IMG_20181101_172743.jpg,175.0,184.0,metal,2552.0,1844.0,2727.0,2028.0,6
IMG_20181101_172743.jpg,185.0,262.0,metal,1723.0,1062.0,1908.0,1324.0,6
IMG_20181101_172743.jpg,264.0,165.0,metal,1389.0,1631.0,1653.0,1796.0,6
IMG_20181101_172743.jpg,285.0,414.0,plastic,2160.0,97.0,2445.0,511.0,6
IMG_20181101_172743.jpg,390.0,559.0,plastic,1766.0,303.0,2156.0,862.0,6
IMG_20181101_172743.jpg,283.0,371.0,plastic,686.0,433.0,969.0,804.0,6
IMG_20181101_172743.jpg,264.0,380.0,plastic,878.0,848.0,1142.0,1228.0,6
IMG_20181101_172743.jpg,365.0,207.0,plastic,732.0,1417.0,1097.0,1624.0,6
IMG_20181101_172743.jpg,375.0,156.0,plastic,675.0,2413.0,1050.0,2569.0,6
IMG_20181101_172743.jpg,403.0,404.0,plastic,1824.0,2608.0,2227.0,3012.0,6
IMG_20181101_172743.jpg,174.0,365.0,plastic,1644.0,1670.0,1818.0,2035.0,6
IMG_20181101_172743.jpg,161.0,235.0,plastic,1771.0,1987.0,1932.0,2222.0,6
IMG_20181101_172743.jpg,450.0,176.0,plastic,1607.0,3082.0,2057.0,3258.0,6
IMG_20181101_172743.jpg,146.0,406.0,plastic,1614.0,3307.0,1760.0,3713.0,6
IMG_20181101_172743.jpg,198.0,274.0,plastic,1186.0,3152.0,1384.0,3426.0,6
IMG_20181101_172743.jpg,211.0,430.0,plastic,928.0,3045.0,1139.0,3475.0,6
IMG_20181101_172743.jpg,373.0,371.0,plastic,646.0,2664.0,1019.0,3035.0,6
IMG_20181101_172743.jpg,465.0,362.0,plastic,2157.0,3116.0,2622.0,3478.0,6
IMG_20181101_172743.jpg,261.0,431.0,plastic,1395.0,2443.0,1656.0,2874.0,6
IMG_20181101_172743.jpg,218.0,459.0,plastic,1047.0,225.0,1265.0,684.0,6
IMG_20181101_172743.jpg,653.0,375.0,plastic,1953.0,511.0,2606.0,886.0,6
IMG_20181101_171520.jpg,272.0,253.0,glass,1644.0,1052.0,1916.0,1305.0,7
IMG_20181101_171520.jpg,202.0,283.0,glass,1493.0,880.0,1695.0,1163.0,7
IMG_20181101_171520.jpg,198.0,351.0,glass,1096.0,954.0,1294.0,1305.0,7
IMG_20181101_171520.jpg,360.0,128.0,glass,768.0,1105.0,1128.0,1233.0,7
IMG_20181101_171520.jpg,341.0,178.0,glass,833.0,1316.0,1174.0,1494.0,7
IMG_20181101_171520.jpg,608.0,245.0,glass,934.0,1638.0,1542.0,1883.0,7
IMG_20181101_171520.jpg,263.0,600.0,glass,1956.0,1905.0,2219.0,2505.0,7
IMG_20181101_171520.jpg,442.0,361.0,glass,2386.0,1888.0,2828.0,2249.0,7
IMG_20181101_171520.jpg,491.0,361.0,glass,1826.0,1582.0,2317.0,1943.0,7
IMG_20181101_171520.jpg,412.0,138.0,glass,1520.0,1294.0,1932.0,1432.0,7
IMG_20181101_171520.jpg,463.0,318.0,glass,1673.0,1319.0,2136.0,1637.0,7
IMG_20181101_171520.jpg,536.0,185.0,glass,1889.0,1210.0,2425.0,1395.0,7
IMG_20181101_171520.jpg,270.0,491.0,glass,1296.0,1069.0,1566.0,1560.0,7
IMG_20181101_171520.jpg,116.0,321.0,glass,959.0,644.0,1075.0,965.0,7
IMG_20181101_171520.jpg,422.0,165.0,glass,539.0,978.0,961.0,1143.0,7
IMG_20181101_171520.jpg,545.0,138.0,glass,703.0,2283.0,1248.0,2421.0,7
IMG_20181101_171520.jpg,651.0,632.0,glass,535.0,3172.0,1186.0,3804.0,7
IMG_20181101_171520.jpg,438.0,198.0,glass,1784.0,3010.0,2222.0,3208.0,7
IMG_20181101_171520.jpg,164.0,381.0,glass,1683.0,2756.0,1847.0,3137.0,7
IMG_20181101_171520.jpg,531.0,145.0,glass,1764.0,2637.0,2295.0,2782.0,7
IMG_20181101_171520.jpg,527.0,299.0,glass,1070.0,2527.0,1597.0,2826.0,7
IMG_20181101_171520.jpg,455.0,172.0,glass,1253.0,681.0,1708.0,853.0,7
IMG_20181101_171520.jpg,288.0,332.0,glass,1698.0,726.0,1986.0,1058.0,7
IMG_20181101_171520.jpg,148.0,204.0,metal,1446.0,480.0,1594.0,684.0,7
IMG_20181101_171520.jpg,220.0,131.0,metal,1918.0,546.0,2138.0,677.0,7
IMG_20181101_171520.jpg,224.0,135.0,metal,2099.0,684.0,2323.0,819.0,7
IMG_20181101_171520.jpg,234.0,164.0,metal,1897.0,945.0,2131.0,1109.0,7
IMG_20181101_171520.jpg,162.0,202.0,metal,1364.0,937.0,1526.0,1139.0,7
IMG_20181101_171520.jpg,190.0,129.0,metal,831.0,1191.0,1021.0,1320.0,7
IMG_20181101_171520.jpg,216.0,263.0,metal,498.0,1413.0,714.0,1676.0,7
IMG_20181101_171520.jpg,273.0,213.0,metal,443.0,1673.0,716.0,1886.0,7
IMG_20181101_171520.jpg,283.0,235.0,metal,740.0,1733.0,1023.0,1968.0,7
IMG_20181101_171520.jpg,358.0,308.0,metal,1001.0,1921.0,1359.0,2229.0,7
IMG_20181101_171520.jpg,265.0,322.0,metal,1591.0,1671.0,1856.0,1993.0,7
IMG_20181101_171520.jpg,184.0,263.0,metal,2428.0,1408.0,2612.0,1671.0,7
IMG_20181101_171520.jpg,254.0,161.0,metal,1458.0,1374.0,1712.0,1535.0,7
IMG_20181101_171520.jpg,166.0,223.0,metal,1116.0,683.0,1282.0,906.0,7
IMG_20181101_171520.jpg,341.0,319.0,metal,789.0,2404.0,1130.0,2723.0,7
IMG_20181101_171520.jpg,221.0,489.0,metal,1666.0,3533.0,1887.0,4022.0,7
IMG_20181101_171520.jpg,166.0,337.0,metal,1971.0,3434.0,2137.0,3771.0,7
IMG_20181101_171520.jpg,302.0,164.0,metal,1845.0,2771.0,2147.0,2935.0,7
IMG_20181101_171520.jpg,223.0,466.0,metal,2256.0,2652.0,2479.0,3118.0,7
IMG_20181101_171520.jpg,394.0,281.0,plastic,988.0,312.0,1382.0,593.0,7
IMG_20181101_171520.jpg,319.0,266.0,plastic,1339.0,259.0,1658.0,525.0,7
IMG_20181101_171520.jpg,140.0,354.0,plastic,1667.0,428.0,1807.0,782.0,7
IMG_20181101_171520.jpg,339.0,216.0,plastic,2170.0,807.0,2509.0,1023.0,7
IMG_20181101_171520.jpg,350.0,359.0,plastic,1327.0,1909.0,1677.0,2268.0,7
IMG_20181101_171520.jpg,176.0,379.0,plastic,2167.0,2013.0,2343.0,2392.0,7
IMG_20181101_171520.jpg,406.0,329.0,plastic,2258.0,2189.0,2664.0,2518.0,7
IMG_20181101_171520.jpg,398.0,221.0,plastic,2489.0,1666.0,2887.0,1887.0,7
IMG_20181101_171520.jpg,322.0,198.0,plastic,2120.0,1069.0,2442.0,1267.0,7
IMG_20181101_171520.jpg,260.0,168.0,plastic,552.0,2025.0,812.0,2193.0,7
IMG_20181101_171520.jpg,405.0,513.0,plastic,544.0,2611.0,949.0,3124.0,7
IMG_20181101_171520.jpg,263.0,554.0,plastic,322.0,2286.0,585.0,2840.0,7
IMG_20181101_171520.jpg,543.0,285.0,plastic,1581.0,3132.0,2124.0,3417.0,7
IMG_20181101_171520.jpg,186.0,435.0,plastic,1650.0,2183.0,1836.0,2618.0,7
IMG_20181101_171520.jpg,217.0,495.0,plastic,1835.0,2195.0,2052.0,2690.0,7
IMG_20181101_171520.jpg,472.0,537.0,plastic,1178.0,2135.0,1650.0,2672.0,7
IMG_20181101_171520.jpg,275.0,236.0,plastic,1136.0,2978.0,1411.0,3214.0,7
IMG_20181101_171520.jpg,378.0,422.0,plastic,1095.0,2639.0,1473.0,3061.0,7
IMG_20181101_170727.jpg,467.0,324.0,glass,1732.0,387.0,2199.0,711.0,8
IMG_20181101_170727.jpg,557.0,171.0,glass,1855.0,795.0,2412.0,966.0,8
IMG_20181101_170727.jpg,488.0,158.0,glass,1828.0,1196.0,2316.0,1354.0,8
IMG_20181101_170727.jpg,502.0,155.0,glass,785.0,2152.0,1287.0,2307.0,8
IMG_20181101_170727.jpg,217.0,441.0,glass,971.0,2508.0,1188.0,2949.0,8
IMG_20181101_170727.jpg,245.0,550.0,glass,1129.0,2199.0,1374.0,2749.0,8
IMG_20181101_170727.jpg,505.0,593.0,glass,462.0,2685.0,967.0,3278.0,8
IMG_20181101_170727.jpg,703.0,271.0,glass,872.0,3164.0,1575.0,3435.0,8
IMG_20181101_170727.jpg,176.0,649.0,glass,1834.0,2808.0,2010.0,3457.0,8
IMG_20181101_170727.jpg,254.0,852.0,glass,1945.0,3140.0,2199.0,3992.0,8
IMG_20181101_170727.jpg,405.0,753.0,glass,1169.0,2418.0,1574.0,3171.0,8
IMG_20181101_170727.jpg,181.0,565.0,glass,1577.0,2283.0,1758.0,2848.0,8
IMG_20181101_170727.jpg,341.0,404.0,glass,1709.0,2155.0,2050.0,2559.0,8
IMG_20181101_170727.jpg,366.0,208.0,glass,1449.0,1672.0,1815.0,1880.0,8
IMG_20181101_170727.jpg,255.0,584.0,glass,401.0,1205.0,656.0,1789.0,8
IMG_20181101_170727.jpg,434.0,173.0,glass,811.0,859.0,1245.0,1032.0,8
IMG_20181101_170727.jpg,335.0,127.0,glass,953.0,658.0,1288.0,785.0,8
IMG_20181101_170727.jpg,142.0,278.0,glass,1314.0,634.0,1456.0,912.0,8
IMG_20181101_170727.jpg,160.0,500.0,glass,1110.0,1058.0,1270.0,1558.0,8
IMG_20181101_170727.jpg,151.0,264.0,glass,1639.0,1190.0,1790.0,1454.0,8
IMG_20181101_170727.jpg,605.0,409.0,glass,321.0,1750.0,926.0,2159.0,8
IMG_20181101_170727.jpg,459.0,448.0,glass,1932.0,2486.0,2391.0,2934.0,8
IMG_20181101_170727.jpg,322.0,660.0,glass,2279.0,2152.0,2601.0,2812.0,8
IMG_20181101_170727.jpg,166.0,162.0,metal,1057.0,399.0,1223.0,561.0,8
IMG_20181101_170727.jpg,140.0,258.0,metal,1525.0,606.0,1665.0,864.0,8
IMG_20181101_170727.jpg,181.0,283.0,metal,2044.0,946.0,2225.0,1229.0,8
IMG_20181101_170727.jpg,322.0,151.0,metal,1786.0,1080.0,2108.0,1231.0,8
IMG_20181101_170727.jpg,257.0,234.0,metal,1917.0,1266.0,2174.0,1500.0,8
IMG_20181101_170727.jpg,270.0,393.0,metal,2147.0,1542.0,2417.0,1935.0,8
IMG_20181101_170727.jpg,245.0,282.0,metal,2203.0,1989.0,2448.0,2271.0,8
IMG_20181101_170727.jpg,274.0,275.0,metal,917.0,1888.0,1191.0,2163.0,8
IMG_20181101_170727.jpg,271.0,315.0,metal,718.0,2384.0,989.0,2699.0,8
IMG_20181101_170727.jpg,273.0,172.0,metal,1206.0,2323.0,1479.0,2495.0,8
IMG_20181101_170727.jpg,348.0,242.0,metal,276.0,2736.0,624.0,2978.0,8
IMG_20181101_170727.jpg,381.0,242.0,metal,173.0,3428.0,554.0,3670.0,8
IMG_20181101_170727.jpg,222.0,386.0,metal,999.0,3497.0,1221.0,3883.0,8
IMG_20181101_170727.jpg,297.0,337.0,metal,1468.0,2979.0,1765.0,3316.0,8
IMG_20181101_170727.jpg,282.0,204.0,metal,2428.0,3274.0,2710.0,3478.0,8
IMG_20181101_170727.jpg,369.0,250.0,metal,1619.0,2027.0,1988.0,2277.0,8
IMG_20181101_170727.jpg,359.0,372.0,metal,1226.0,1453.0,1585.0,1825.0,8
IMG_20181101_170727.jpg,252.0,358.0,metal,670.0,636.0,922.0,994.0,8
IMG_20181101_170727.jpg,249.0,143.0,metal,993.0,804.0,1242.0,947.0,8
IMG_20181101_170727.jpg,260.0,325.0,plastic,1602.0,595.0,1862.0,920.0,8
IMG_20181101_170727.jpg,398.0,310.0,plastic,2040.0,1291.0,2438.0,1601.0,8
IMG_20181101_170727.jpg,201.0,456.0,plastic,1955.0,1679.0,2156.0,2135.0,8
IMG_20181101_170727.jpg,204.0,157.0,plastic,1404.0,2083.0,1608.0,2240.0,8
IMG_20181101_170727.jpg,406.0,218.0,plastic,679.0,2245.0,1085.0,2463.0,8
IMG_20181101_170727.jpg,362.0,474.0,plastic,335.0,2138.0,697.0,2612.0,8
IMG_20181101_170727.jpg,360.0,629.0,plastic,568.0,3265.0,928.0,3894.0,8
IMG_20181101_170727.jpg,712.0,583.0,plastic,1812.0,2614.0,2524.0,3197.0,8
IMG_20181101_170727.jpg,592.0,254.0,plastic,1295.0,1778.0,1887.0,2032.0,8
IMG_20181101_170727.jpg,244.0,376.0,plastic,991.0,1464.0,1235.0,1840.0,8
IMG_20181101_170727.jpg,311.0,318.0,plastic,536.0,1404.0,847.0,1722.0,8
IMG_20181101_170727.jpg,433.0,284.0,plastic,418.0,1017.0,851.0,1301.0,8
IMG_20181101_170727.jpg,412.0,172.0,plastic,303.0,943.0,715.0,1115.0,8
IMG_20181101_170727.jpg,438.0,332.0,plastic,804.0,527.0,1242.0,859.0,8
IMG_20181101_170727.jpg,403.0,343.0,plastic,1397.0,1285.0,1800.0,1628.0,8
IMG_20181101_170727.jpg,363.0,184.0,plastic,1293.0,941.0,1656.0,1125.0,8
IMG_20181101_170727.jpg,480.0,397.0,plastic,1307.0,915.0,1787.0,1312.0,8
IMG_20181101_170727.jpg,305.0,292.0,plastic,623.0,1176.0,928.0,1468.0,8
IMG_20181101_170541.jpg,327.0,527.0,glass,0.0,1147.0,327.0,1674.0,9
IMG_20181101_170541.jpg,276.0,628.0,glass,475.0,902.0,751.0,1530.0,9
IMG_20181101_170541.jpg,562.0,423.0,glass,427.0,623.0,989.0,1046.0,9
IMG_20181101_170541.jpg,362.0,242.0,glass,1330.0,1661.0,1692.0,1903.0,9
IMG_20181101_170541.jpg,403.0,536.0,glass,1071.0,1758.0,1474.0,2294.0,9
IMG_20181101_170541.jpg,504.0,171.0,glass,2067.0,982.0,2571.0,1153.0,9
IMG_20181101_170541.jpg,172.0,321.0,glass,2054.0,1735.0,2226.0,2056.0,9
IMG_20181101_170541.jpg,263.0,307.0,glass,2082.0,2045.0,2345.0,2352.0,9
IMG_20181101_170541.jpg,469.0,198.0,glass,2213.0,1876.0,2682.0,2074.0,9
IMG_20181101_170541.jpg,307.0,351.0,glass,2492.0,1203.0,2799.0,1554.0,9
IMG_20181101_170541.jpg,293.0,232.0,glass,2862.0,1278.0,3155.0,1510.0,9
IMG_20181101_170541.jpg,211.0,409.0,glass,1803.0,1679.0,2014.0,2088.0,9
IMG_20181101_170541.jpg,381.0,464.0,glass,1558.0,1985.0,1939.0,2449.0,9
IMG_20181101_170541.jpg,556.0,218.0,glass,1256.0,2345.0,1812.0,2563.0,9
IMG_20181101_170541.jpg,197.0,329.0,glass,421.0,2079.0,618.0,2408.0,9
IMG_20181101_170541.jpg,340.0,175.0,glass,485.0,1864.0,825.0,2039.0,9
IMG_20181101_170541.jpg,401.0,288.0,glass,2647.0,2178.0,3048.0,2466.0,9
IMG_20181101_170541.jpg,165.0,436.0,glass,3162.0,1717.0,3327.0,2153.0,9
IMG_20181101_170541.jpg,304.0,492.0,glass,3514.0,1664.0,3818.0,2156.0,9
IMG_20181101_170541.jpg,160.0,474.0,glass,3792.0,1503.0,3952.0,1977.0,9
IMG_20181101_170541.jpg,532.0,257.0,glass,3444.0,2048.0,3976.0,2305.0,9
IMG_20181101_170541.jpg,342.0,188.0,glass,2493.0,1997.0,2835.0,2185.0,9
IMG_20181101_170541.jpg,468.0,191.0,glass,2508.0,1540.0,2976.0,1731.0,9
IMG_20181101_170541.jpg,171.0,282.0,metal,1306.0,1377.0,1477.0,1659.0,9
IMG_20181101_170541.jpg,142.0,195.0,metal,1455.0,1982.0,1597.0,2177.0,9
IMG_20181101_170541.jpg,246.0,164.0,metal,2331.0,2160.0,2577.0,2324.0,9
IMG_20181101_170541.jpg,212.0,228.0,metal,2564.0,1735.0,2776.0,1963.0,9
IMG_20181101_170541.jpg,219.0,401.0,metal,3107.0,900.0,3326.0,1301.0,9
IMG_20181101_170541.jpg,468.0,311.0,metal,3320.0,684.0,3788.0,995.0,9
IMG_20181101_170541.jpg,181.0,296.0,metal,3157.0,487.0,3338.0,783.0,9
IMG_20181101_170541.jpg,145.0,369.0,metal,2494.0,616.0,2639.0,985.0,9
IMG_20181101_170541.jpg,359.0,224.0,metal,2724.0,968.0,3083.0,1192.0,9
IMG_20181101_170541.jpg,400.0,170.0,metal,501.0,2438.0,901.0,2608.0,9
IMG_20181101_170541.jpg,208.0,249.0,metal,632.0,2077.0,840.0,2326.0,9
IMG_20181101_170541.jpg,253.0,193.0,metal,31.0,2178.0,284.0,2371.0,9
IMG_20181101_170541.jpg,304.0,166.0,metal,348.0,1749.0,652.0,1915.0,9
IMG_20181101_170541.jpg,170.0,252.0,metal,2659.0,2364.0,2829.0,2616.0,9
IMG_20181101_170541.jpg,152.0,246.0,metal,3089.0,2236.0,3241.0,2482.0,9
IMG_20181101_170541.jpg,219.0,206.0,metal,3314.0,1627.0,3533.0,1833.0,9
IMG_20181101_170541.jpg,236.0,235.0,metal,3627.0,1308.0,3863.0,1543.0,9
IMG_20181101_170541.jpg,332.0,188.0,metal,748.0,1160.0,1080.0,1348.0,9
IMG_20181101_170541.jpg,185.0,199.0,metal,2216.0,1944.0,2401.0,2143.0,9
IMG_20181101_170541.jpg,391.0,173.0,plastic,1648.0,773.0,2039.0,946.0,9
IMG_20181101_170541.jpg,442.0,339.0,plastic,1046.0,761.0,1488.0,1100.0,9
IMG_20181101_170541.jpg,476.0,189.0,plastic,1243.0,1074.0,1719.0,1263.0,9
IMG_20181101_170541.jpg,355.0,491.0,plastic,994.0,1200.0,1349.0,1691.0,9
IMG_20181101_170541.jpg,363.0,203.0,plastic,1572.0,1566.0,1935.0,1769.0,9
IMG_20181101_170541.jpg,332.0,508.0,plastic,1716.0,969.0,2048.0,1477.0,9
IMG_20181101_170541.jpg,231.0,429.0,plastic,2047.0,1184.0,2278.0,1613.0,9
IMG_20181101_170541.jpg,226.0,146.0,plastic,2111.0,1598.0,2337.0,1744.0,9
IMG_20181101_170541.jpg,195.0,534.0,plastic,2865.0,1691.0,3060.0,2225.0,9
IMG_20181101_170541.jpg,322.0,372.0,plastic,2287.0,1164.0,2609.0,1536.0,9
IMG_20181101_170541.jpg,579.0,545.0,plastic,2558.0,555.0,3137.0,1100.0,9
IMG_20181101_170541.jpg,180.0,355.0,plastic,905.0,2192.0,1085.0,2547.0,9
IMG_20181101_170541.jpg,404.0,215.0,plastic,297.0,1554.0,701.0,1769.0,9
IMG_20181101_170541.jpg,290.0,375.0,plastic,781.0,1612.0,1071.0,1987.0,9
IMG_20181101_170541.jpg,378.0,303.0,plastic,2187.0,2356.0,2565.0,2659.0,9
IMG_20181101_170541.jpg,240.0,394.0,plastic,3067.0,1897.0,3307.0,2291.0,9
IMG_20181101_170541.jpg,190.0,399.0,plastic,3440.0,945.0,3630.0,1344.0,9
IMG_20181101_170541.jpg,317.0,346.0,plastic,967.0,2024.0,1284.0,2370.0,9
IMG_20181101_165826.jpg,291.0,361.0,glass,1145.0,728.0,1436.0,1089.0,10
IMG_20181101_165826.jpg,336.0,373.0,glass,438.0,837.0,774.0,1210.0,10
IMG_20181101_165826.jpg,507.0,305.0,glass,1683.0,770.0,2190.0,1075.0,10
IMG_20181101_165826.jpg,178.0,287.0,glass,2863.0,842.0,3041.0,1129.0,10
IMG_20181101_165826.jpg,347.0,391.0,glass,3142.0,478.0,3489.0,869.0,10
IMG_20181101_165826.jpg,362.0,107.0,glass,1043.0,1255.0,1405.0,1362.0,10
IMG_20181101_165826.jpg,572.0,333.0,glass,1380.0,1322.0,1952.0,1655.0,10
IMG_20181101_165826.jpg,203.0,462.0,glass,1948.0,1254.0,2151.0,1716.0,10
IMG_20181101_165826.jpg,194.0,563.0,glass,2132.0,1292.0,2326.0,1855.0,10
IMG_20181101_165826.jpg,228.0,476.0,glass,2396.0,1380.0,2624.0,1856.0,10
IMG_20181101_165826.jpg,232.0,435.0,glass,2510.0,1112.0,2742.0,1547.0,10
IMG_20181101_165826.jpg,296.0,489.0,glass,2276.0,931.0,2572.0,1420.0,10
IMG_20181101_165826.jpg,152.0,386.0,glass,2618.0,1584.0,2770.0,1970.0,10
IMG_20181101_165826.jpg,163.0,386.0,glass,1991.0,2071.0,2154.0,2457.0,10
IMG_20181101_165826.jpg,257.0,339.0,glass,1672.0,1740.0,1929.0,2079.0,10
IMG_20181101_165826.jpg,206.0,598.0,glass,1118.0,1856.0,1324.0,2454.0,10
IMG_20181101_165826.jpg,333.0,579.0,glass,769.0,1670.0,1102.0,2249.0,10
IMG_20181101_165826.jpg,256.0,408.0,glass,2762.0,1857.0,3018.0,2265.0,10
IMG_20181101_165826.jpg,401.0,377.0,glass,2897.0,1845.0,3298.0,2222.0,10
IMG_20181101_165826.jpg,217.0,443.0,glass,3288.0,1317.0,3505.0,1760.0,10
IMG_20181101_165826.jpg,530.0,480.0,glass,3370.0,1161.0,3900.0,1641.0,10
IMG_20181101_165826.jpg,460.0,467.0,glass,2883.0,749.0,3343.0,1216.0,10
IMG_20181101_165826.jpg,544.0,379.0,glass,2592.0,1155.0,3136.0,1534.0,10
IMG_20181101_165826.jpg,263.0,194.0,metal,685.0,1005.0,948.0,1199.0,10
IMG_20181101_165826.jpg,304.0,156.0,metal,1458.0,758.0,1762.0,914.0,10
IMG_20181101_165826.jpg,229.0,220.0,metal,1361.0,836.0,1590.0,1056.0,10
IMG_20181101_165826.jpg,357.0,289.0,metal,1493.0,1022.0,1850.0,1311.0,10
IMG_20181101_165826.jpg,223.0,189.0,metal,3176.0,876.0,3399.0,1065.0,10
IMG_20181101_165826.jpg,163.0,250.0,metal,3492.0,614.0,3655.0,864.0,10
IMG_20181101_165826.jpg,201.0,256.0,metal,403.0,1459.0,604.0,1715.0,10
IMG_20181101_165826.jpg,121.0,188.0,metal,623.0,1899.0,744.0,2087.0,10
IMG_20181101_165826.jpg,243.0,257.0,metal,725.0,1651.0,968.0,1908.0,10
IMG_20181101_165826.jpg,263.0,239.0,metal,662.0,1530.0,925.0,1769.0,10
IMG_20181101_165826.jpg,243.0,138.0,metal,988.0,1550.0,1231.0,1688.0,10
IMG_20181101_165826.jpg,218.0,250.0,metal,1156.0,1608.0,1374.0,1858.0,10
IMG_20181101_165826.jpg,269.0,168.0,metal,1019.0,1318.0,1288.0,1486.0,10
IMG_20181101_165826.jpg,201.0,319.0,metal,2283.0,1448.0,2484.0,1767.0,10
IMG_20181101_165826.jpg,148.0,292.0,metal,2161.0,1861.0,2309.0,2153.0,10
IMG_20181101_165826.jpg,254.0,369.0,metal,1810.0,1812.0,2064.0,2181.0,10
IMG_20181101_165826.jpg,268.0,237.0,metal,3557.0,1538.0,3825.0,1775.0,10
IMG_20181101_165826.jpg,268.0,216.0,metal,3600.0,834.0,3868.0,1050.0,10
IMG_20181101_165826.jpg,419.0,261.0,metal,2769.0,1610.0,3188.0,1871.0,10
IMG_20181101_165826.jpg,528.0,339.0,plastic,1875.0,1031.0,2403.0,1370.0,10
IMG_20181101_165826.jpg,319.0,345.0,plastic,732.0,670.0,1051.0,1015.0,10
IMG_20181101_165826.jpg,164.0,451.0,plastic,2691.0,509.0,2855.0,960.0,10
IMG_20181101_165826.jpg,419.0,486.0,plastic,2305.0,711.0,2724.0,1197.0,10
IMG_20181101_165826.jpg,408.0,212.0,plastic,2804.0,1105.0,3212.0,1317.0,10
IMG_20181101_165826.jpg,373.0,295.0,plastic,2846.0,627.0,3219.0,922.0,10
IMG_20181101_165826.jpg,339.0,242.0,plastic,576.0,1214.0,915.0,1456.0,10
IMG_20181101_165826.jpg,454.0,258.0,plastic,201.0,1290.0,655.0,1548.0,10
IMG_20181101_165826.jpg,205.0,391.0,plastic,371.0,1646.0,576.0,2037.0,10
IMG_20181101_165826.jpg,470.0,138.0,plastic,865.0,1443.0,1335.0,1581.0,10
IMG_20181101_165826.jpg,356.0,173.0,plastic,2732.0,1518.0,3088.0,1691.0,10
IMG_20181101_165826.jpg,330.0,370.0,plastic,2297.0,1930.0,2627.0,2300.0,10
IMG_20181101_165826.jpg,154.0,236.0,plastic,2044.0,1810.0,2198.0,2046.0,10
IMG_20181101_165826.jpg,335.0,433.0,plastic,1708.0,2112.0,2043.0,2545.0,10
IMG_20181101_165826.jpg,410.0,491.0,plastic,1477.0,1615.0,1887.0,2106.0,10
IMG_20181101_165826.jpg,455.0,175.0,plastic,3350.0,1999.0,3805.0,2174.0,10
IMG_20181101_165826.jpg,413.0,340.0,plastic,3498.0,920.0,3911.0,1260.0,10
IMG_20181101_165424.jpg,543.0,316.0,glass,1626.0,435.0,2169.0,751.0,11
IMG_20181101_165424.jpg,384.0,296.0,glass,2014.0,402.0,2398.0,698.0,11
IMG_20181101_165424.jpg,345.0,146.0,glass,2012.0,768.0,2357.0,914.0,11
IMG_20181101_165424.jpg,437.0,200.0,glass,2045.0,876.0,2482.0,1076.0,11
IMG_20181101_165424.jpg,383.0,349.0,glass,1193.0,1370.0,1576.0,1719.0,11
IMG_20181101_165424.jpg,330.0,217.0,glass,1545.0,2643.0,1875.0,2860.0,11
IMG_20181101_165424.jpg,612.0,198.0,glass,901.0,2631.0,1513.0,2829.0,11
IMG_20181101_165424.jpg,485.0,178.0,glass,549.0,2778.0,1034.0,2956.0,11
IMG_20181101_165424.jpg,551.0,594.0,glass,1384.0,3197.0,1935.0,3791.0,11
IMG_20181101_165424.jpg,151.0,540.0,glass,1786.0,2826.0,1937.0,3366.0,11
IMG_20181101_165424.jpg,595.0,467.0,glass,1816.0,2508.0,2411.0,2975.0,11
IMG_20181101_165424.jpg,593.0,209.0,glass,1529.0,2057.0,2122.0,2266.0,11
IMG_20181101_165424.jpg,163.0,192.0,glass,1888.0,1692.0,2051.0,1884.0,11
IMG_20181101_165424.jpg,372.0,144.0,glass,2169.0,1294.0,2541.0,1438.0,11
IMG_20181101_165424.jpg,389.0,520.0,glass,2104.0,1562.0,2493.0,2082.0,11
IMG_20181101_165424.jpg,141.0,530.0,glass,1316.0,168.0,1457.0,698.0,11
IMG_20181101_165424.jpg,141.0,454.0,glass,1164.0,579.0,1305.0,1033.0,11
IMG_20181101_165424.jpg,446.0,225.0,glass,729.0,787.0,1175.0,1012.0,11
IMG_20181101_165424.jpg,541.0,304.0,glass,528.0,1016.0,1069.0,1320.0,11
IMG_20181101_165424.jpg,270.0,316.0,glass,895.0,1711.0,1165.0,2027.0,11
IMG_20181101_165424.jpg,395.0,248.0,glass,677.0,2098.0,1072.0,2346.0,11
IMG_20181101_165424.jpg,452.0,346.0,glass,709.0,1233.0,1161.0,1579.0,11
IMG_20181101_165424.jpg,339.0,450.0,glass,1157.0,702.0,1496.0,1152.0,11
IMG_20181101_165424.jpg,210.0,252.0,metal,1968.0,924.0,2178.0,1176.0,11
IMG_20181101_165424.jpg,136.0,213.0,metal,1808.0,1130.0,1944.0,1343.0,11
IMG_20181101_165424.jpg,233.0,304.0,metal,1267.0,1013.0,1500.0,1317.0,11
IMG_20181101_165424.jpg,177.0,261.0,metal,1096.0,1146.0,1273.0,1407.0,11
IMG_20181101_165424.jpg,196.0,177.0,metal,1095.0,1448.0,1291.0,1625.0,11
IMG_20181101_165424.jpg,141.0,190.0,metal,1388.0,1753.0,1529.0,1943.0,11
IMG_20181101_165424.jpg,262.0,166.0,metal,1222.0,2122.0,1484.0,2288.0,11
IMG_20181101_165424.jpg,337.0,254.0,metal,1465.0,2423.0,1802.0,2677.0,11
IMG_20181101_165424.jpg,292.0,207.0,metal,1000.0,3164.0,1292.0,3371.0,11
IMG_20181101_165424.jpg,278.0,271.0,metal,1195.0,3358.0,1473.0,3629.0,11
IMG_20181101_165424.jpg,266.0,159.0,metal,2180.0,3079.0,2446.0,3238.0,11
IMG_20181101_165424.jpg,399.0,187.0,metal,1662.0,1569.0,2061.0,1756.0,11
IMG_20181101_165424.jpg,245.0,240.0,metal,2252.0,1423.0,2497.0,1663.0,11
IMG_20181101_165424.jpg,237.0,139.0,metal,1075.0,389.0,1312.0,528.0,11
IMG_20181101_165424.jpg,227.0,170.0,metal,712.0,847.0,939.0,1017.0,11
IMG_20181101_165424.jpg,276.0,178.0,metal,937.0,950.0,1213.0,1128.0,11
IMG_20181101_165424.jpg,232.0,244.0,metal,735.0,1479.0,967.0,1723.0,11
IMG_20181101_165424.jpg,217.0,268.0,metal,866.0,1932.0,1083.0,2200.0,11
IMG_20181101_165424.jpg,332.0,321.0,metal,1391.0,608.0,1723.0,929.0,11
IMG_20181101_165424.jpg,147.0,363.0,plastic,1589.0,82.0,1736.0,445.0,11
IMG_20181101_165424.jpg,196.0,449.0,plastic,1641.0,864.0,1837.0,1313.0,11
IMG_20181101_165424.jpg,365.0,523.0,plastic,1365.0,855.0,1730.0,1378.0,11
IMG_20181101_165424.jpg,311.0,309.0,plastic,1145.0,1608.0,1456.0,1917.0,11
IMG_20181101_165424.jpg,229.0,156.0,plastic,1208.0,1973.0,1437.0,2129.0,11
IMG_20181101_165424.jpg,381.0,322.0,plastic,1179.0,2235.0,1560.0,2557.0,11
IMG_20181101_165424.jpg,369.0,273.0,plastic,1168.0,2801.0,1537.0,3074.0,11
IMG_20181101_165424.jpg,450.0,459.0,plastic,1959.0,3292.0,2409.0,3751.0,11
IMG_20181101_165424.jpg,252.0,468.0,plastic,1541.0,2919.0,1793.0,3387.0,11
IMG_20181101_165424.jpg,199.0,533.0,plastic,2427.0,2382.0,2626.0,2915.0,11
IMG_20181101_165424.jpg,393.0,406.0,plastic,2041.0,2378.0,2434.0,2784.0,11
IMG_20181101_165424.jpg,605.0,285.0,plastic,1718.0,2129.0,2323.0,2414.0,11
IMG_20181101_165424.jpg,289.0,398.0,plastic,1559.0,1678.0,1848.0,2076.0,11
IMG_20181101_165424.jpg,444.0,154.0,plastic,1528.0,1452.0,1972.0,1606.0,11
IMG_20181101_165424.jpg,537.0,203.0,plastic,1649.0,1260.0,2186.0,1463.0,11
IMG_20181101_165424.jpg,370.0,204.0,plastic,830.0,458.0,1200.0,662.0,11
IMG_20181101_165424.jpg,392.0,252.0,plastic,765.0,998.0,1157.0,1250.0,11
IMG_20181101_165424.jpg,324.0,296.0,plastic,1459.0,489.0,1783.0,785.0,11
IMG_20181101_182646.jpg,304.0,400.0,glass,2680.0,467.0,2984.0,867.0,12
IMG_20181101_182646.jpg,317.0,341.0,glass,3278.0,906.0,3595.0,1247.0,12
IMG_20181101_182646.jpg,261.0,483.0,glass,3728.0,1069.0,3989.0,1552.0,12
IMG_20181101_182646.jpg,350.0,168.0,glass,3682.0,1598.0,4032.0,1766.0,12
IMG_20181101_182646.jpg,280.0,240.0,glass,3752.0,1724.0,4032.0,1964.0,12
IMG_20181101_182646.jpg,635.0,285.0,glass,2597.0,1591.0,3232.0,1876.0,12
IMG_20181101_182646.jpg,199.0,513.0,glass,1667.0,2327.0,1866.0,2840.0,12
IMG_20181101_182646.jpg,474.0,360.0,glass,110.0,1948.0,584.0,2308.0,12
IMG_20181101_182646.jpg,151.0,492.0,glass,291.0,1410.0,442.0,1902.0,12
IMG_20181101_182646.jpg,267.0,326.0,glass,1140.0,1445.0,1407.0,1771.0,12
IMG_20181101_182646.jpg,463.0,549.0,glass,958.0,1518.0,1421.0,2067.0,12
IMG_20181101_182646.jpg,432.0,155.0,glass,1393.0,1762.0,1825.0,1917.0,12
IMG_20181101_182646.jpg,299.0,579.0,glass,1603.0,1203.0,1902.0,1782.0,12
IMG_20181101_182646.jpg,406.0,234.0,glass,1314.0,804.0,1720.0,1038.0,12
IMG_20181101_182646.jpg,460.0,395.0,glass,1587.0,841.0,2047.0,1236.0,12
IMG_20181101_182646.jpg,209.0,335.0,glass,2018.0,812.0,2227.0,1147.0,12
IMG_20181101_182646.jpg,510.0,469.0,glass,2204.0,988.0,2714.0,1457.0,12
IMG_20181101_182646.jpg,582.0,192.0,glass,2213.0,821.0,2795.0,1013.0,12
IMG_20181101_182646.jpg,419.0,289.0,glass,868.0,1042.0,1287.0,1331.0,12
IMG_20181101_182646.jpg,204.0,603.0,glass,2022.0,1295.0,2226.0,1898.0,12
IMG_20181101_182646.jpg,153.0,262.0,glass,2303.0,1383.0,2456.0,1645.0,12
IMG_20181101_182646.jpg,201.0,426.0,glass,3097.0,928.0,3298.0,1354.0,12
IMG_20181101_182646.jpg,312.0,121.0,metal,1244.0,524.0,1556.0,645.0,12
IMG_20181101_182646.jpg,249.0,204.0,metal,1991.0,604.0,2240.0,808.0,12
IMG_20181101_182646.jpg,385.0,316.0,metal,3429.0,721.0,3814.0,1037.0,12
IMG_20181101_182646.jpg,261.0,191.0,metal,3437.0,1591.0,3698.0,1782.0,12
IMG_20181101_182646.jpg,293.0,288.0,metal,2843.0,2020.0,3136.0,2308.0,12
IMG_20181101_182646.jpg,241.0,213.0,metal,2557.0,2408.0,2798.0,2621.0,12
IMG_20181101_182646.jpg,216.0,303.0,metal,2216.0,2196.0,2432.0,2499.0,12
IMG_20181101_182646.jpg,212.0,194.0,metal,2026.0,2083.0,2238.0,2277.0,12
IMG_20181101_182646.jpg,297.0,189.0,metal,396.0,1756.0,693.0,1945.0,12
IMG_20181101_182646.jpg,306.0,365.0,metal,546.0,1349.0,852.0,1714.0,12
IMG_20181101_182646.jpg,213.0,189.0,metal,947.0,1357.0,1160.0,1546.0,12
IMG_20181101_182646.jpg,259.0,191.0,metal,1622.0,1917.0,1881.0,2108.0,12
IMG_20181101_182646.jpg,141.0,137.0,metal,1816.0,1265.0,1957.0,1402.0,12
IMG_20181101_182646.jpg,199.0,230.0,metal,2846.0,882.0,3045.0,1112.0,12
IMG_20181101_182646.jpg,267.0,208.0,metal,1301.0,1133.0,1568.0,1341.0,12
IMG_20181101_182646.jpg,164.0,97.0,metal,1100.0,1075.0,1264.0,1172.0,12
IMG_20181101_182646.jpg,211.0,346.0,metal,728.0,840.0,939.0,1186.0,12
IMG_20181101_182646.jpg,157.0,145.0,metal,591.0,1000.0,748.0,1145.0,12
IMG_20181101_182646.jpg,242.0,290.0,metal,713.0,1776.0,955.0,2066.0,12
IMG_20181101_182646.jpg,304.0,272.0,plastic,1576.0,649.0,1880.0,921.0,12
IMG_20181101_182646.jpg,216.0,194.0,plastic,2331.0,575.0,2547.0,769.0,12
IMG_20181101_182646.jpg,190.0,325.0,plastic,3176.0,562.0,3366.0,887.0,12
IMG_20181101_182646.jpg,451.0,216.0,plastic,3350.0,1239.0,3801.0,1455.0,12
IMG_20181101_182646.jpg,301.0,196.0,plastic,3337.0,1757.0,3638.0,1953.0,12
IMG_20181101_182646.jpg,620.0,559.0,plastic,3007.0,1883.0,3627.0,2442.0,12
IMG_20181101_182646.jpg,198.0,271.0,plastic,2737.0,2197.0,2935.0,2468.0,12
IMG_20181101_182646.jpg,205.0,521.0,plastic,1864.0,2241.0,2069.0,2762.0,12
IMG_20181101_182646.jpg,272.0,400.0,plastic,1063.0,2459.0,1335.0,2859.0,12
IMG_20181101_182646.jpg,466.0,354.0,plastic,602.0,2351.0,1068.0,2705.0,12
IMG_20181101_182646.jpg,548.0,241.0,plastic,1013.0,2044.0,1561.0,2285.0,12
IMG_20181101_182646.jpg,212.0,404.0,plastic,2626.0,994.0,2838.0,1398.0,12
IMG_20181101_182646.jpg,187.0,464.0,plastic,2192.0,1636.0,2379.0,2100.0,12
IMG_20181101_182646.jpg,295.0,431.0,plastic,2849.0,1251.0,3144.0,1682.0,12
IMG_20181101_182646.jpg,188.0,554.0,plastic,2490.0,1692.0,2678.0,2246.0,12
IMG_20181101_182646.jpg,381.0,395.0,plastic,1783.0,1885.0,2164.0,2280.0,12
